item_key,item_id,item_name,icon_url
3876,3876,Item_3876,https://ddragon.leagueoflegends.com/cdn/15.2.1/img/item/3876.png
3084,3084,Item_3084,https://ddragon.leagueoflegends.com/cdn/15.2.1/img/item/3084.png
3009,3009,Item_3009,https://ddragon.leagueoflegends.com/cdn/15.2.1/img/item/3009.png
3076,3076,Item_3076,https://ddragon.leagueoflegends.com/cdn/15.2.1/img/item/3076.png
3340,3340,Item_3340,https://ddragon.leagueoflegends.com/cdn/15.2.1/img/item/3340.png
1056,1056,Item_1056,https://ddragon.leagueoflegends.com/cdn/15.2.1/img/item/1056.png
6653,6653,Item_6653,https://ddragon.leagueoflegends.com/cdn/15.2.1/img/item/6653.png
3070,3070,Item_3070,https://ddragon.leagueoflegends.com/cdn/15.2.1/img/item/3070.png
3020,3020,Item_3020,https://ddragon.leagueoflegends.com/cdn/15.2.1/img/item/3020.png
3116,3116,Item_3116,https://ddragon.leagueoflegends.com/cdn/15.2.1/img/item/3116.png
3916,3916,Item_3916,https://ddragon.leagueoflegends.com/cdn/15.2.1/img/item/3916.png
3118,3118,Item_3118,https://ddragon.leagueoflegends.com/cdn/15.2.1/img/item/3118.png
1102,1102,Item_1102,https://ddragon.leagueoflegends.com/cdn/15.2.1/img/item/1102.png
2003,2003,Item_2003,https://ddragon.leagueoflegends.com/cdn/15.2.1/img/item/2003.png
3153,3153,Item_3153,https://ddragon.leagueoflegends.com/cdn/15.2.1/img/item/3153.png
3072,3072,Item_3072,https://ddragon.leagueoflegends.com/cdn/15.2.1/img/item/3072.png
3123,3123,Item_3123,https://ddragon.leagueoflegends.com/cdn/15.2.1/img/item/3123.png
3087,3087,Item_3087,https://ddragon.leagueoflegends.com/cdn/15.2.1/img/item/3087.png
1028,1028,Item_1028,https://ddragon.leagueoflegends.com/cdn/15.2.1/img/item/1028.png
2055,2055,Item_2055,https://ddragon.leagueoflegends.com/cdn/15.2.1/img/item/2055.png
3143,3143,Item_3143,https://ddragon.leagueoflegends.com/cdn/15.2.1/img/item/3143.png
3211,3211,Item_3211,https://ddragon.leagueoflegends.com/cdn/15.2.1/img/item/3211.png
3364,3364,Item_3364,https://ddragon.leagueoflegends.com/cdn/15.2.1/img/item/3364.png
1029,1029,Item_1029,https://ddragon.leagueoflegends.com/cdn/15.2.1/img/item/1029.png
3047,3047,Item_3047,https://ddragon.leagueoflegends.com/cdn/15.2.1/img/item/3047.png
1057,1057,Item_1057,https://ddragon.leagueoflegends.com/cdn/15.2.1/img/item/1057.png
3066,3066,Item_3066,https://ddragon.leagueoflegends.com/cdn/15.2.1/img/item/3066.png
3010,3010,Item_3010,https://ddragon.leagueoflegends.com/cdn/15.2.1/img/item/3010.png
3742,3742,Item_3742,https://ddragon.leagueoflegends.com/cdn/15.2.1/img/item/3742.png
4401,4401,Item_4401,https://ddragon.leagueoflegends.com/cdn/15.2.1/img/item/4401.png
3170,3170,Item_3170,https://ddragon.leagueoflegends.com/cdn/15.2.1/img/item/3170.png
3871,3871,Item_3871,https://ddragon.leagueoflegends.com/cdn/15.2.1/img/item/3871.png
3135,3135,Item_3135,https://ddragon.leagueoflegends.com/cdn/15.2.1/img/item/3135.png
1033,1033,Item_1033,https://ddragon.leagueoflegends.com/cdn/15.2.1/img/item/1033.png
3165,3165,Item_3165,https://ddragon.leagueoflegends.com/cdn/15.2.1/img/item/3165.png
6660,6660,Item_6660,https://ddragon.leagueoflegends.com/cdn/15.2.1/img/item/6660.png
3075,3075,Item_3075,https://ddragon.leagueoflegends.com/cdn/15.2.1/img/item/3075.png
3065,3065,Item_3065,https://ddragon.leagueoflegends.com/cdn/15.2.1/img/item/3065.png
3067,3067,Item_3067,https://ddragon.leagueoflegends.com/cdn/15.2.1/img/item/3067.png
3363,3363,Item_3363,https://ddragon.leagueoflegends.com/cdn/15.2.1/img/item/3363.png
3801,3801,Item_3801,https://ddragon.leagueoflegends.com/cdn/15.2.1/img/item/3801.png
1001,1001,Item_1001,https://ddragon.leagueoflegends.com/cdn/15.2.1/img/item/1001.png
1011,1011,Item_1011,https://ddragon.leagueoflegends.com/cdn/15.2.1/img/item/1011.png
4633,4633,Item_4633,https://ddragon.leagueoflegends.com/cdn/15.2.1/img/item/4633.png
3105,3105,Item_3105,https://ddragon.leagueoflegends.com/cdn/15.2.1/img/item/3105.png
1026,1026,Item_1026,https://ddragon.leagueoflegends.com/cdn/15.2.1/img/item/1026.png
1058,1058,Item_1058,https://ddragon.leagueoflegends.com/cdn/15.2.1/img/item/1058.png
3175,3175,Item_3175,https://ddragon.leagueoflegends.com/cdn/15.2.1/img/item/3175.png
4630,4630,Item_4630,https://ddragon.leagueoflegends.com/cdn/15.2.1/img/item/4630.png
3089,3089,Item_3089,https://ddragon.leagueoflegends.com/cdn/15.2.1/img/item/3089.png
3035,3035,Item_3035,https://ddragon.leagueoflegends.com/cdn/15.2.1/img/item/3035.png
3006,3006,Item_3006,https://ddragon.leagueoflegends.com/cdn/15.2.1/img/item/3006.png
3869,3869,Item_3869,https://ddragon.leagueoflegends.com/cdn/15.2.1/img/item/3869.png
3068,3068,Item_3068,https://ddragon.leagueoflegends.com/cdn/15.2.1/img/item/3068.png
2502,2502,Item_2502,https://ddragon.leagueoflegends.com/cdn/15.2.1/img/item/2502.png
1031,1031,Item_1031,https://ddragon.leagueoflegends.com/cdn/15.2.1/img/item/1031.png
3865,3865,Item_3865,https://ddragon.leagueoflegends.com/cdn/15.2.1/img/item/3865.png
1054,1054,Item_1054,https://ddragon.leagueoflegends.com/cdn/15.2.1/img/item/1054.png
2031,2031,Item_2031,https://ddragon.leagueoflegends.com/cdn/15.2.1/img/item/2031.png
1055,1055,Item_1055,https://ddragon.leagueoflegends.com/cdn/15.2.1/img/item/1055.png
3032,3032,Item_3032,https://ddragon.leagueoflegends.com/cdn/15.2.1/img/item/3032.png
3134,3134,Item_3134,https://ddragon.leagueoflegends.com/cdn/15.2.1/img/item/3134.png
6655,6655,Item_6655,https://ddragon.leagueoflegends.com/cdn/15.2.1/img/item/6655.png
3147,3147,Item_3147,https://ddragon.leagueoflegends.com/cdn/15.2.1/img/item/3147.png
3877,3877,Item_3877,https://ddragon.leagueoflegends.com/cdn/15.2.1/img/item/3877.png
6665,6665,Item_6665,https://ddragon.leagueoflegends.com/cdn/15.2.1/img/item/6665.png
3031,3031,Item_3031,https://ddragon.leagueoflegends.com/cdn/15.2.1/img/item/3031.png
3033,3033,Item_3033,https://ddragon.leagueoflegends.com/cdn/15.2.1/img/item/3033.png
1036,1036,Item_1036,https://ddragon.leagueoflegends.com/cdn/15.2.1/img/item/1036.png
3157,3157,Item_3157,https://ddragon.leagueoflegends.com/cdn/15.2.1/img/item/3157.png
4645,4645,Item_4645,https://ddragon.leagueoflegends.com/cdn/15.2.1/img/item/4645.png
2503,2503,Item_2503,https://ddragon.leagueoflegends.com/cdn/15.2.1/img/item/2503.png
3111,3111,Item_3111,https://ddragon.leagueoflegends.com/cdn/15.2.1/img/item/3111.png
2422,2422,Item_2422,https://ddragon.leagueoflegends.com/cdn/15.2.1/img/item/2422.png
1042,1042,Item_1042,https://ddragon.leagueoflegends.com/cdn/15.2.1/img/item/1042.png
1082,1082,Item_1082,https://ddragon.leagueoflegends.com/cdn/15.2.1/img/item/1082.png
2420,2420,Item_2420,https://ddragon.leagueoflegends.com/cdn/15.2.1/img/item/2420.png
3108,3108,Item_3108,https://ddragon.leagueoflegends.com/cdn/15.2.1/img/item/3108.png
4628,4628,Item_4628,https://ddragon.leagueoflegends.com/cdn/15.2.1/img/item/4628.png
1052,1052,Item_1052,https://ddragon.leagueoflegends.com/cdn/15.2.1/img/item/1052.png
8020,8020,Item_8020,https://ddragon.leagueoflegends.com/cdn/15.2.1/img/item/8020.png
6662,6662,Item_6662,https://ddragon.leagueoflegends.com/cdn/15.2.1/img/item/6662.png
6664,6664,Item_6664,https://ddragon.leagueoflegends.com/cdn/15.2.1/img/item/6664.png
3082,3082,Item_3082,https://ddragon.leagueoflegends.com/cdn/15.2.1/img/item/3082.png
3024,3024,Item_3024,https://ddragon.leagueoflegends.com/cdn/15.2.1/img/item/3024.png
3172,3172,Item_3172,https://ddragon.leagueoflegends.com/cdn/15.2.1/img/item/3172.png
3085,3085,Item_3085,https://ddragon.leagueoflegends.com/cdn/15.2.1/img/item/3085.png
3078,3078,Item_3078,https://ddragon.leagueoflegends.com/cdn/15.2.1/img/item/3078.png
2021,2021,Item_2021,https://ddragon.leagueoflegends.com/cdn/15.2.1/img/item/2021.png
3181,3181,Item_3181,https://ddragon.leagueoflegends.com/cdn/15.2.1/img/item/3181.png
6610,6610,Item_6610,https://ddragon.leagueoflegends.com/cdn/15.2.1/img/item/6610.png
3044,3044,Item_3044,https://ddragon.leagueoflegends.com/cdn/15.2.1/img/item/3044.png
3158,3158,Item_3158,https://ddragon.leagueoflegends.com/cdn/15.2.1/img/item/3158.png
3161,3161,Item_3161,https://ddragon.leagueoflegends.com/cdn/15.2.1/img/item/3161.png
1037,1037,Item_1037,https://ddragon.leagueoflegends.com/cdn/15.2.1/img/item/1037.png
6694,6694,Item_6694,https://ddragon.leagueoflegends.com/cdn/15.2.1/img/item/6694.png
3077,3077,Item_3077,https://ddragon.leagueoflegends.com/cdn/15.2.1/img/item/3077.png
3133,3133,Item_3133,https://ddragon.leagueoflegends.com/cdn/15.2.1/img/item/3133.png
3155,3155,Item_3155,https://ddragon.leagueoflegends.com/cdn/15.2.1/img/item/3155.png
2022,2022,Item_2022,https://ddragon.leagueoflegends.com/cdn/15.2.1/img/item/2022.png
6676,6676,Item_6676,https://ddragon.leagueoflegends.com/cdn/15.2.1/img/item/6676.png
6672,6672,Item_6672,https://ddragon.leagueoflegends.com/cdn/15.2.1/img/item/6672.png
3748,3748,Item_3748,https://ddragon.leagueoflegends.com/cdn/15.2.1/img/item/3748.png
6692,6692,Item_6692,https://ddragon.leagueoflegends.com/cdn/15.2.1/img/item/6692.png
